{"epoch": 13, "lr": 0.0002451091135557779, "training_loss": 1.5272680006625559, "classification_loss": 1.5089542818435786, "loss_mask": 0.0183137189814518, "testing_loss": 1.0237966874602493, "acc1": 65.17, "acc5": 96.74, "_timestamp": 1663271203.201984, "_runtime": 1883.9081239700317, "_step": 13, "_wandb": {"runtime": 1996}}