{"epoch": 99, "lr": 1.0227342444899663e-06, "training_loss": 0.46331882015080517, "mae_loss": 0.247815165854752, "classification_loss": 0.20465003782060479, "loss_mask": 0.010853616609154616, "testing_loss": 1.6917635194814888, "acc1": 40.15, "acc5": 89.28, "_timestamp": 1662937820.916609, "_runtime": 16021.853781938553, "_step": 99, "_wandb": {"runtime": 16021}}