{"epoch": 99, "lr": 1.0227342444899663e-06, "training_loss": 1.365675772198031, "mae_loss": 0.24863630947245527, "classification_loss": 1.1170059050243735, "loss_mask": 3.3557405475736175e-05, "testing_loss": 0.4353476390717136, "acc1": 87.5, "acc5": 99.39, "_timestamp": 1663065900.3720114, "_runtime": 16097.124378442764, "_step": 99, "_wandb": {"runtime": 16097}}