{"epoch": 157, "lr": 0.00019610182001804954, "training_loss": 1.0481771761124288, "mae_loss": 0.0065140224301145164, "classification_loss": 1.0416631540027232, "testing_loss": 0.77739617228508, "acc1": 72.26932665665548, "acc5": 98.95261845386534, "_timestamp": 1662304559.8015456, "_runtime": 9683.725603580475, "_step": 157, "_wandb": {"runtime": 9735}}