{"epoch": 99, "lr": 1.0227342444899663e-06, "training_loss": 0.308997080893889, "mae_loss": 0.20464074873054225, "classification_loss": 0.10435633259263753, "testing_loss": 0.37001802359416985, "acc1": 89.66, "acc5": 99.53, "_timestamp": 1662983351.972613, "_runtime": 15951.777661085129, "_step": 99, "_wandb": {"runtime": 15951}}