{"epoch": 99, "lr": 1.0227342444899663e-06, "training_loss": 1.1127255082740979, "classification_loss": 1.1125827448468812, "loss_mask": 0.00014276446366619615, "testing_loss": 0.4319098770238791, "acc1": 87.48, "acc5": 99.42, "_timestamp": 1662965533.9384623, "_runtime": 14030.926269292831, "_step": 99, "_wandb": {"runtime": 14030}}