{"epoch": 11, "lr": 0.009884884819563934, "training_loss": 1.1741318467560165, "mae_loss": 0.012943698836644308, "classification_loss": 1.1611881452962893, "testing_loss": 1.1238464675843716, "acc1": 66.88279302126155, "acc5": 97.40648382096516, "_timestamp": 1662370748.481324, "_runtime": 167.40008401870728, "_step": 11, "_wandb": {"runtime": 173}}