{"epoch": 10, "lr": 0.0002479412792283103, "training_loss": 2.2832304358329725, "mae_loss": 3.8902955000287593, "classification_loss": 2.0633124429040928, "loss_mask": 0.1099589940162898, "testing_loss": 1.6574442432184888, "acc1": 44.17, "acc5": 90.63, "_timestamp": 1663049709.7996657, "_runtime": 1568.72558259964, "_step": 10, "_wandb": {"runtime": 1649}}