{"epoch": 0, "lr": 2.4967989756722147e-05, "training_loss": 1.4710112870426397, "classification_loss": 0.2303471676862194, "loss_mask": 1.2406641208255489, "testing_loss": 2.1578073683817673, "acc1": 25.14, "acc5": 78.67, "_timestamp": 1663268893.0421567, "_runtime": 143.67593479156494, "_step": 0}