{"epoch": 99, "lr": 1.0227342444899663e-06, "training_loss": 1.1342919326927536, "classification_loss": 1.1341219698573808, "loss_mask": 0.00016996306914510715, "testing_loss": 0.44858980786268876, "acc1": 86.84, "acc5": 99.25, "_timestamp": 1663017421.0123649, "_runtime": 13635.059911966324, "_step": 99, "_wandb": {"runtime": 13634}}