{"epoch": 4, "lr": 0.00022496798975672218, "training_loss": 0.7883011111834596, "classification_loss": 0.22453104768535087, "loss_mask": 0.5637700612657964, "testing_loss": 2.1480696368369325, "acc1": 18.92, "acc5": 74.14, "_timestamp": 1663003715.5572963, "_runtime": 693.1884741783142, "_step": 4, "_wandb": {"runtime": 742}}