{"epoch": 499, "lr": 1.0008473452014142e-06, "training_loss": 0.7061577849431869, "mae_loss": 0.005894181685983588, "classification_loss": 0.7002636008306381, "testing_loss": 0.7706190096214414, "acc1": 78.40399000591174, "acc5": 97.60598503740648, "_timestamp": 1662144814.159627, "_runtime": 6620.548043012619, "_step": 499, "_wandb": {"runtime": 6620}}