{"epoch": 99, "lr": 1.0227342444899663e-06, "training_loss": 1.1061121890853218, "mae_loss": 0.02555389611930533, "classification_loss": 1.0805103111816583, "loss_mask": 4.798232071001209e-05, "testing_loss": 0.4320892163902331, "acc1": 87.71, "acc5": 99.36, "_timestamp": 1663118423.326646, "_runtime": 16036.681723117828, "_step": 99, "_wandb": {"runtime": 16036}}