{"epoch": 20, "lr": 0.00023399613708293158, "training_loss": 0.3246377822150036, "classification_loss": 0.2261011739203017, "loss_mask": 0.09853660789641544, "testing_loss": 2.157891826265177, "acc1": 19.0, "acc5": 71.89, "_timestamp": 1663268686.22556, "_runtime": 2822.303913831711, "_step": 20, "_wandb": {"runtime": 2849}}