{"epoch": 99, "lr": 1.0922925448600266e-06, "training_loss": 0.9643634885822961, "mae_loss": 0.006755346868084659, "classification_loss": 0.9576081420303485, "testing_loss": 0.6778414212167263, "acc1": 75.51122196796827, "acc5": 99.40149625935162, "_timestamp": 1662372435.8056512, "_runtime": 1338.780715227127, "_step": 99, "_wandb": {"runtime": 1338}}