{"epoch": 34, "lr": 9.99999999999998e-07, "training_loss": 1.1476337286310458, "mae_loss": 0.021260845654327936, "classification_loss": 1.1263728852665753, "testing_loss": 1.0381427630782127, "acc1": 66.88279302126155, "acc5": 97.40648382096516, "_timestamp": 1662370534.486023, "_runtime": 494.707062959671, "_step": 34, "_wandb": {"runtime": 498}}